DATE(UTC), TIME(UTC), BMPTEMP(C), BMPP(hPa), BMPALT(M), DHTT(C), DHTH(%)
23/04/2015,15:54:33,37,860,1355.178797,21.89999962,37.09999847
23/04/2015,15:54:50,37.1,860,1355.083782,23.10000038,35.09999847
23/04/2015,15:54:56,37.1,860,1354.513715,23.10000038,34.59999847
,,,,,,
DATE(UTC), TIME(UTC), BMPTEMP(C), BMPP(hPa), BMPALT(M), DHTT(C), DHTH(%)
23/04/2015,16:23:40,44.3,860,1354.608724,24.29999924,34.40000153
23/04/2015,16:23:58,71.1,860,1355.748901,24.5,41.79999924
23/04/2015,16:24:09,44.4,860,1353.943681,24.5,45.5
23/04/2015,16:24:25,44.4,860,1354.988769,24.60000038,50.5
23/04/2015,16:24:31,44.5,860,1353.753676,24.70000076,41.90000153
23/04/2015,16:24:47,44.5,860,1355.368828,24.60000038,38
23/04/2015,16:24:53,44.6,860,1355.368828,24.70000076,32.5
23/04/2015,16:25:18,44.7,860,1354.703734,24.70000076,32.29999924
23/04/2015,16:25:23,44.7,860,1354.893756,24.70000076,31.79999924
23/04/2015,16:25:48,44.8,860,1354.893756,24.70000076,31.60000038
23/04/2015,16:25:53,44.8,860,1355.178797,24.70000076,31.5
23/04/2015,16:26:12,44.9,860,1355.368828,24.60000038,31.39999962
23/04/2015,16:26:17,44.9,860,1354.988769,24.60000038,31.39999962
23/04/2015,16:26:34,45,860,1354.513715,24.60000038,31.20000076
23/04/2015,16:26:56,45.1,860,1355.938943,24.79999924,31.29999924
23/04/2015,16:27:15,45.2,860,1354.3237,24.60000038,31
23/04/2015,16:27:21,45.2,860,1354.893756,24.70000076,31.10000038
23/04/2015,16:27:37,45.3,860,1354.703734,24.60000038,31
23/04/2015,16:27:43,45.3,860,1354.3237,24.70000076,31.79999924
23/04/2015,16:28:07,45.4,860,1354.038684,24.60000038,32.09999847
23/04/2015,16:28:23,45.4,860,1355.083782,24.60000038,32.90000153
23/04/2015,16:28:39,45.3,860,1355.178797,24.60000038,33.29999924
23/04/2015,16:28:45,45.4,860,1355.273812,24.70000076,32
23/04/2015,16:29:02,45.4,860,1355.368828,24.70000076,31.79999924
23/04/2015,16:29:08,45.4,860,1355.273812,24.79999924,32.79999924
23/04/2015,16:29:24,45.5,860,1354.418707,24.79999924,32
23/04/2015,16:29:30,45.5,860,1354.418707,24.79999924,31.10000038
23/04/2015,16:29:46,45.5,860,1355.083782,24.89999962,32.59999847
23/04/2015,16:29:51,45.5,860,1355.083782,24.89999962,31.70000076
23/04/2015,16:30:29,45.7,860,1354.893756,24.89999962,31.29999924
23/04/2015,16:30:35,45.7,860,1355.083782,24.89999962,31.39999962
23/04/2015,16:30:54,45.7,860,1354.988769,24.89999962,31.60000038
23/04/2015,16:30:59,45.7,860,1354.513715,24.89999962,31.89999962
23/04/2015,16:31:16,45.8,860,1354.228694,24.89999962,31.70000076
23/04/2015,16:31:21,45.8,860,1355.273812,24.89999962,32.20000076
23/04/2015,16:31:40,45.9,860,1355.653882,24.89999962,32
23/04/2015,16:31:45,45.9,860,1355.178797,24.89999962,31.79999924
23/04/2015,16:32:02,45.9,860,1355.748901,24.89999962,31.79999924
23/04/2015,16:32:07,45.9,860,1355.748901,24.89999962,31.5
23/04/2015,16:32:35,46,860,1355.938943,24.89999962,31.5
23/04/2015,16:32:41,46,860,1356.319038,24.89999962,31.5
23/04/2015,16:32:57,46.1,860,1356.224013,24.89999962,31.5
23/04/2015,16:33:03,46.1,860,1355.178797,24.89999962,31.29999924
23/04/2015,16:33:19,46.1,860,1354.703734,24.89999962,31.29999924
23/04/2015,16:33:38,46.2,860,1355.368828,24.89999962,31.39999962
23/04/2015,16:33:55,46.2,860,1355.558863,24.89999962,31.5
23/04/2015,16:34:00,46.2,860,1356.128989,24.89999962,31.79999924
23/04/2015,16:34:17,46.3,860,1355.368828,24.89999962,31.89999962
23/04/2015,16:34:22,46.3,860,1355.748901,24.89999962,31.89999962
23/04/2015,16:34:46,46.4,860,1356.128989,24.89999962,31.89999962
23/04/2015,16:34:52,46.4,860,1355.463845,24.89999962,31.79999924
23/04/2015,16:35:11,46.4,860,1355.748901,24.89999962,31.70000076
23/04/2015,16:35:16,46.4,860,1355.938943,24.89999962,31.79999924
23/04/2015,16:35:33,46.5,860,1355.938943,24.89999962,32
23/04/2015,16:35:39,46.5,860,1356.128989,24.89999962,32.20000076
23/04/2015,16:35:57,46.6,860,1354.988769,25,32.09999847
23/04/2015,16:36:03,46.6,860,1355.748901,25,31.70000076
23/04/2015,16:36:19,46.6,860,1355.558863,25,31.60000038
23/04/2015,16:36:25,46.6,860,1355.748901,25,31.70000076
23/04/2015,16:37:05,46.7,860,1356.128989,25,31.60000038
23/04/2015,16:37:11,46.8,860,1356.319038,25,31.39999962
23/04/2015,16:37:28,46.8,860,1356.319038,25,31.5
23/04/2015,16:37:36,46.8,860,1355.938943,25,31.20000076
23/04/2015,16:37:55,46.9,860,1356.128989,25,31.20000076
23/04/2015,16:38:01,46.9,860,1356.128989,25,30.89999962
23/04/2015,16:38:17,46.9,860,1357.07927,25,30.79999924
23/04/2015,16:38:23,46.9,860,1356.604118,25,30.60000038
23/04/2015,16:38:39,47,860,1356.414064,25,21
23/04/2015,16:38:45,47,860,1356.509091,25,30.70000076
23/04/2015,16:39:09,47.1,860,1356.224013,25,30.70000076
23/04/2015,16:39:15,47.1,860,1355.938943,25,30.70000076
23/04/2015,16:39:32,47.1,860,1355.653882,25,30.89999962
23/04/2015,16:39:37,47.1,860,1356.509091,25,31.10000038
23/04/2015,16:39:54,47.2,860,1355.843922,25,31.29999924
23/04/2015,16:40:13,47.2,860,1355.938943,25,31.10000038
23/04/2015,16:40:29,47.3,860,1356.414064,25.10000038,31.60000038
23/04/2015,16:40:35,47.3,860,1356.984238,25.10000038,31.89999962
23/04/2015,16:40:51,47.4,860,1356.319038,25.10000038,31.70000076
23/04/2015,16:40:59,47.4,860,1356.509091,25.10000038,31.60000038
23/04/2015,16:41:24,47.4,860,1356.604118,25.10000038,32.29999924
23/04/2015,16:41:29,47.5,860,1356.509091,25.20000076,31.5
23/04/2015,16:41:46,47.5,860,1355.843922,25.20000076,31.5
23/04/2015,16:41:52,47.5,860,1356.509091,25.20000076,31.29999924
23/04/2015,16:42:09,47.6,860,1356.224013,25.20000076,31.29999924
23/04/2015,16:42:14,47.6,860,1357.269337,25.20000076,31.20000076
23/04/2015,16:42:31,47.6,860,1357.07927,25.20000076,31.20000076
23/04/2015,16:42:36,47.6,860,1357.07927,25.20000076,31.10000038
23/04/2015,16:42:53,47.7,860,1356.509091,25.20000076,31.10000038
23/04/2015,16:42:59,47.7,860,1356.699147,25.20000076,31.10000038
23/04/2015,16:43:37,47.8,860,1356.224013,25.20000076,31.70000076
23/04/2015,16:43:42,47.8,860,1356.699147,25.20000076,31
23/04/2015,16:44:01,47.9,860,1357.459408,25.20000076,30.89999962
23/04/2015,16:44:07,47.9,860,1356.794176,25.20000076,31.10000038
23/04/2015,16:44:24,47.9,860,1357.07927,25.20000076,31.20000076
23/04/2015,16:44:34,48,860,1357.07927,25.20000076,31.10000038
23/04/2015,16:44:53,48,860,1356.604118,25.20000076,30.70000076
23/04/2015,16:45:01,48,860,1356.699147,25.20000076,31
23/04/2015,16:45:23,48.1,860,1356.414064,25.20000076,31.10000038
23/04/2015,16:45:29,48.1,860,1357.07927,25.20000076,30.79999924
23/04/2015,16:45:58,48.2,860,1357.269337,25.29999924,30.70000076
23/04/2015,16:46:04,48.2,860,1357.74452,25.29999924,22.29999924
23/04/2015,16:46:21,48.2,860,1357.364372,25.29999924,30.89999962
23/04/2015,16:46:34,48.2,860,1357.649482,25.29999924,31.20000076
23/04/2015,16:46:53,48.3,860,1356.984238,25.29999924,30.89999962
23/04/2015,16:47:12,48.3,860,1357.459408,25.29999924,28.60000038
23/04/2015,16:47:29,48.3,860,1357.74452,23.10000038,90.69999695
23/04/2015,16:47:44,48.4,860,1356.794176,22,95.90000153
23/04/2015,16:48:01,48.4,860,1356.604118,20.60000038,94
23/04/2015,16:48:06,48.4,860,1355.653882,17.70000076,56.70000076
23/04/2015,16:48:31,48.6,860,1355.938943,17.5,41
23/04/2015,16:48:36,48.6,860,1355.938943,17.89999962,31.20000076
23/04/2015,16:48:57,48.6,860,1354.988769,17.5,31.5
23/04/2015,16:49:05,48.6,860,1354.798745,17.39999962,31.5
23/04/2015,16:49:22,48.7,860,1354.988769,17.70000076,31.60000038
23/04/2015,16:49:27,48.7,860,1354.3237,18.20000076,30.89999962
23/04/2015,16:49:46,48.7,860,1354.228694,18.10000038,30.79999924
23/04/2015,16:49:52,48.7,860,1354.513715,18,30.79999924
23/04/2015,16:50:11,48.8,860,1354.608724,17.89999962,30.70000076
23/04/2015,16:50:18,48.8,860,1354.418707,16.5,31.89999962
23/04/2015,16:50:56,48.9,860,1353.848678,16.39999962,32.79999924
23/04/2015,16:51:01,48.9,860,1353.848678,15.60000038,34.20000076
23/04/2015,16:51:18,49,860,1354.3237,15.5,34.20000076
23/04/2015,16:51:24,49,860,1354.228694,15.10000038,34.40000153
23/04/2015,16:51:40,49,860,1354.798745,15,34.5
23/04/2015,16:51:46,49,860,1354.798745,14.89999962,34.40000153
23/04/2015,16:52:03,49,860,1355.083782,14.69999981,34.29999924
23/04/2015,16:52:08,49,860,1355.273812,14.60000038,34.40000153
23/04/2015,16:52:25,49.1,860,1353.943681,14.60000038,34.5
23/04/2015,16:52:30,49.1,860,1354.418707,14.30000019,35
23/04/2015,16:52:55,49.2,860,1354.228694,14.39999962,35.20000076
23/04/2015,16:53:00,49.1,860,1355.273812,14.5,35.20000076
23/04/2015,16:53:17,49.2,860,1354.893756,14.10000038,35
23/04/2015,16:53:23,49.1,860,1354.893756,14.19999981,35.90000153
23/04/2015,16:53:41,49.2,860,1355.558863,14.30000019,36
23/04/2015,16:54:01,49.2,860,1354.228694,15,35.5
23/04/2015,16:54:17,49.2,860,1354.513715,15.30000019,34.79999924
23/04/2015,16:54:23,49.2,860,1354.418707,15.39999962,34.59999847
23/04/2015,16:54:39,49.1,860,1355.748901,15.39999962,34.59999847
23/04/2015,16:54:45,49.1,860,1354.418707,15.30000019,34.79999924
23/04/2015,16:55:09,49,860,1353.278681,15.19999981,34.70000076
23/04/2015,16:55:15,49,860,1354.608724,14.60000038,35
23/04/2015,16:55:32,48.9,860,1354.608724,14.60000038,35
23/04/2015,16:55:37,48.9,860,1354.703734,14.80000019,37.09999847
23/04/2015,16:55:54,49,860,1354.418707,14.69999981,38.29999924
23/04/2015,16:56:00,49,860,1354.038684,14.60000038,37.29999924
23/04/2015,16:56:16,49,860,1352.803708,14.89999962,38.29999924
23/04/2015,16:56:22,49,860,1353.088689,15.39999962,38.20000076
23/04/2015,16:56:41,49,860,1353.373678,15.39999962,37.90000153
23/04/2015,16:56:46,49,860,1352.993694,15.39999962,37.70000076
23/04/2015,16:57:33,49.1,860,1353.088689,15.30000019,38.40000153
23/04/2015,16:57:38,49.1,860,1353.468676,14.19999981,37.90000153
23/04/2015,16:57:54,49.1,860,1354.228694,14.30000019,38.5
23/04/2015,16:58:00,49.1,860,1353.373678,14.30000019,38.20000076
23/04/2015,16:58:21,49.1,860,1352.328757,15,39.20000076
23/04/2015,16:58:30,49.1,860,1352.8987,14.80000019,39.09999847
23/04/2015,16:58:46,49.1,860,1353.468676,14.80000019,39.40000153
23/04/2015,16:58:51,49.1,860,1353.183684,15.19999981,39.5
23/04/2015,16:59:08,49.1,860,1353.658675,14.19999981,35.70000076
23/04/2015,16:59:18,49.1,860,1353.563675,13.60000038,35.5
23/04/2015,16:59:45,49.1,860,1353.943681,13.80000019,35.40000153
23/04/2015,16:59:53,49.1,860,1353.468676,13.80000019,35.5
23/04/2015,17:00:10,49,860,1353.088689,14,35.5
23/04/2015,17:00:15,49,860,1353.753676,14,36
23/04/2015,17:00:32,49,860,1352.233769,14.10000038,35.59999847
23/04/2015,17:00:51,49,860,1353.658675,14.10000038,35.5
23/04/2015,17:01:10,49,860,1352.613724,14.39999962,35.90000153
23/04/2015,17:01:18,49,860,1353.373678,14.10000038,36.09999847
23/04/2015,17:01:41,49,860,1353.468676,14,36
23/04/2015,17:01:46,49,860,1352.708716,14.10000038,36
23/04/2015,17:02:10,49.1,860,1353.753676,13.80000019,37
23/04/2015,17:02:18,49,860,1353.563675,14.10000038,37.40000153
23/04/2015,17:02:37,49,860,1352.993694,14.10000038,37.79999924
23/04/2015,17:02:43,49,860,1353.943681,14.39999962,37.09999847
23/04/2015,17:02:59,49.1,860,1352.423745,14.5,36.09999847
23/04/2015,17:03:07,49,860,1352.233769,14.5,36
23/04/2015,17:03:24,49.1,860,1353.563675,14.5,36.20000076
23/04/2015,17:03:29,49,860,1353.278681,14.30000019,36.40000153
23/04/2015,17:03:46,49.1,860,1352.993694,14.39999962,36.40000153
23/04/2015,17:03:51,49.1,860,1353.278681,14.60000038,38.09999847
23/04/2015,17:04:29,49.1,860,1353.088689,14.69999981,38
23/04/2015,17:04:35,49.1,861,1353.088689,14.69999981,37.09999847
23/04/2015,17:04:52,49.1,860,1353.278681,14.69999981,36.29999924
23/04/2015,17:04:58,49.1,860,1353.753676,14.89999962,36.09999847
23/04/2015,17:05:20,49.1,860,1353.753676,14.89999962,36.20000076
23/04/2015,17:05:25,49.1,860,1353.373678,15.10000038,35.79999924
23/04/2015,17:05:42,49.1,860,1353.088689,15.19999981,35.29999924
23/04/2015,17:05:47,49.1,860,1354.133689,14.80000019,34.09999847
23/04/2015,17:06:06,49.2,860,1353.373678,14.69999981,34
23/04/2015,17:06:12,49.2,860,1353.183684,14.80000019,34.5
23/04/2015,17:06:39,49.2,860,1353.468676,14.80000019,34.40000153
23/04/2015,17:06:44,49.2,860,1353.753676,14.60000038,35.40000153
23/04/2015,17:07:01,49.2,860,1352.803708,14.5,35.5
23/04/2015,17:07:06,49.2,860,1354.3237,14.60000038,36.5
23/04/2015,17:07:23,49.2,860,1353.563675,14.19999981,36
23/04/2015,17:07:42,49.2,860,1353.563675,14.80000019,36.29999924
23/04/2015,17:07:58,49.3,860,1353.848678,14.69999981,34.40000153
23/04/2015,17:08:06,49.3,860,1353.563675,15.19999981,34.59999847
23/04/2015,17:08:30,49.3,860,1352.8987,15.19999981,34.59999847
23/04/2015,17:08:36,49.3,860,1353.658675,15.5,33.90000153
23/04/2015,17:09:00,49.3,860,1353.278681,15.60000038,34
23/04/2015,17:09:06,49.3,860,1353.658675,15.60000038,35
23/04/2015,17:09:26,49.3,860,1354.988769,15.60000038,34.79999924
23/04/2015,17:09:31,49.3,860,1354.608724,15.69999981,34.79999924
23/04/2015,17:09:48,49.3,860,1353.943681,15.69999981,34.70000076
23/04/2015,17:09:53,49.3,860,1353.943681,15.80000019,34.70000076
23/04/2015,17:10:17,49.4,860,1353.373678,15.80000019,34.59999847
23/04/2015,17:10:23,49.4,860,1353.373678,16.10000038,34.90000153
23/04/2015,17:10:41,49.4,860,1353.563675,16.10000038,34.70000076
23/04/2015,17:10:47,49.4,860,1353.088689,16.39999962,35.40000153
23/04/2015,17:11:27,49.4,860,1353.468676,16.39999962,35.70000076
23/04/2015,17:11:33,49.4,860,1352.803708,16.79999924,32.90000153
23/04/2015,17:11:50,49.4,860,1354.133689,16.79999924,33.40000153
23/04/2015,17:11:58,49.4,860,1353.848678,17,33.5
23/04/2015,17:12:17,49.5,860,1354.513715,16.70000076,31.89999962
23/04/2015,17:12:25,49.5,860,1354.133689,16.5,31.79999924
23/04/2015,17:12:41,49.5,860,1354.3237,16.70000076,31.5
23/04/2015,17:12:47,49.5,860,1354.038684,16.29999924,32
23/04/2015,17:13:03,49.5,860,1353.278681,16.5,32
23/04/2015,17:13:16,49.5,860,1353.848678,16.60000038,31.79999924
23/04/2015,17:13:41,49.6,860,1353.563675,16.70000076,32.40000153
23/04/2015,17:13:46,49.6,860,1354.3237,16.5,33
23/04/2015,17:14:03,49.6,860,1354.418707,16.10000038,32.70000076
23/04/2015,17:14:08,49.6,860,1353.278681,16.60000038,31.70000076
23/04/2015,17:14:25,49.6,860,1354.228694,17,32.70000076
23/04/2015,17:14:46,49.6,860,1354.988769,17,31.10000038
23/04/2015,17:15:09,49.6,860,1353.943681,16.79999924,31.10000038
23/04/2015,17:15:14,49.6,860,1353.943681,17.29999924,31.29999924
23/04/2015,17:15:33,49.7,860,1354.3237,17.29999924,31.10000038
23/04/2015,17:15:39,49.7,860,1353.468676,17.39999962,31.39999962
23/04/2015,17:16:03,49.7,860,1353.468676,17.39999962,31.29999924
23/04/2015,17:16:09,49.7,860,1353.848678,17.70000076,31.10000038
23/04/2015,17:16:28,49.7,860,1354.038684,17.70000076,31.10000038
23/04/2015,17:16:33,49.7,860,1354.228694,17.79999924,30.89999962
23/04/2015,17:16:57,49.8,860,1353.183684,17.70000076,30.70000076
23/04/2015,17:17:03,49.7,860,1353.563675,17.39999962,31.60000038
23/04/2015,17:17:22,49.8,860,1354.418707,17.39999962,31.70000076
23/04/2015,17:17:27,49.8,860,1354.038684,17.10000038,28.29999924
23/04/2015,17:17:46,49.8,860,1353.943681,16.29999924,30.60000038
23/04/2015,17:17:54,49.8,860,1354.133689,16.20000076,30.89999962
23/04/2015,17:18:32,49.9,860,1353.183684,16.10000038,34
23/04/2015,17:18:43,49.9,860,1354.133689,15.80000019,33.79999924
23/04/2015,17:18:59,49.9,860,1353.943681,15.5,32.90000153
23/04/2015,17:19:07,49.9,860,1354.418707,15.39999962,33
23/04/2015,17:19:24,50,860,1353.468676,14.80000019,33.5
23/04/2015,17:19:34,50,860,1354.513715,15.10000038,34.59999847
23/04/2015,17:19:53,50,860,1354.228694,15,34.40000153
23/04/2015,17:19:59,50,860,1354.513715,15.10000038,34.79999924
23/04/2015,17:20:15,50,860,1354.3237,15.10000038,34.59999847
23/04/2015,17:20:21,50,860,1354.3237,15.19999981,33.79999924
23/04/2015,17:20:45,50.1,860,1353.943681,15.19999981,33.59999847
23/04/2015,17:20:51,50,860,1353.373678,15,33.29999924
23/04/2015,17:21:07,50.1,860,1354.038684,15.10000038,33.29999924
23/04/2015,17:21:13,50.1,860,1354.513715,14.80000019,34.09999847
23/04/2015,17:21:32,50.1,860,1355.938943,14.69999981,34.59999847
23/04/2015,17:21:51,50.2,857,1385.534078,15,34
23/04/2015,17:22:07,50.2,851,1443.356468,14.10000038,33
23/04/2015,17:22:13,50.2,848,1469.365009,12.5,34.20000076
23/04/2015,17:22:33,50.1,838,1569.416552,12.10000038,34.5
23/04/2015,17:22:41,50.1,834,1608.411908,11.69999981,34.20000076
23/04/2015,17:23:05,50.1,823,1715.870804,11.30000019,33.79999924
23/04/2015,17:23:11,50,820,1741.015771,10.30000019,42
23/04/2015,17:23:30,50,812,1825.789546,10.19999981,47.40000153
23/04/2015,17:23:35,50,809,1852.211106,10.5,99.90000153
23/04/2015,17:23:54,49.9,800,1943.276589,10.5,99.90000153
23/04/2015,17:24:00,49.9,797,1972.234428,10,99.90000153
23/04/2015,17:24:16,49.7,789,2054.827152,9.300000191,99.90000153
23/04/2015,17:24:24,49.7,785,2095.666148,9.100000381,99.90000153
23/04/2015,17:24:41,49.6,776,2184.146569,9.100000381,99.90000153
23/04/2015,17:24:47,49.4,773,2217.026562,8.5,99.90000153
23/04/2015,17:25:27,49.1,754,2417.799562,8.300000191,99.90000153
23/04/2015,17:25:33,49,752,2443.623102,7.400000095,99.90000153
23/04/2015,17:25:49,48.9,745,2512.214274,6.699999809,30.70000076
23/04/2015,17:25:57,48.8,742,2543.852692,6.599999905,32.70000076
23/04/2015,17:26:14,48.7,736,2613.365339,6.5,35.90000153
23/04/2015,17:26:19,48.6,734,2634.304759,6,45.20000076
23/04/2015,17:26:36,48.5,728,2697.284163,5.800000191,47.5
23/04/2015,17:26:41,48.4,726,2717.532177,5.199999809,52.40000153
23/04/2015,17:26:58,48.3,720,2781.599877,5,54.20000076
23/04/2015,17:27:03,48.3,718,2806.751212,4.099999905,58
23/04/2015,17:27:28,48,709,2902.566803,3.5,60.70000076
23/04/2015,17:27:36,47.9,707,2931.039531,3.400000095,60.79999924
23/04/2015,17:27:52,47.8,701,2991.710144,3,61
23/04/2015,17:27:58,47.7,699,3016.399463,3,62.40000153
23/04/2015,17:28:14,47.4,692,3091.639153,2.799999952,63.20000076
23/04/2015,17:28:33,47.2,686,3169.407947,2.200000048,66
23/04/2015,17:28:50,47.1,679,3241.364407,0.800000012,73
23/04/2015,17:29:03,46.9,675,3294.876196,0.600000024,73
23/04/2015,17:29:19,46.8,669,3357.645438,0.5,74
23/04/2015,17:29:24,46.8,667,3379.554158,0.100000001,75.40000153
23/04/2015,17:29:50,46.5,659,3476.054857,-0.400000006,75.40000153
23/04/2015,17:29:55,46.4,658,3496.463813,-0.100000001,73
23/04/2015,17:30:12,46.3,652,3558.190197,-0.300000012,68.5
23/04/2015,17:30:20,46.2,649,3591.52865,0,68.09999847
23/04/2015,17:30:36,46,645,3649.551781,-0.400000006,67.5
23/04/2015,17:30:42,45.9,643,3668.049497,-1.100000024,64.59999847
23/04/2015,17:30:58,45.8,639,3723.516646,-0.899999976,63.79999924
23/04/2015,17:31:03,45.7,637,3742.521835,0,61.20000076
23/04/2015,17:31:20,45.6,632,3796.596782,-0.400000006,60
23/04/2015,17:31:25,45.5,631,3817.213778,-0.899999976,58.29999924
23/04/2015,17:32:03,45.2,619,3967.511337,-1.200000048,57.90000153
23/04/2015,17:32:08,45.1,617,3989.124631,-2.400000095,56.70000076
23/04/2015,17:32:25,45,611,4064.284244,-2.5,56.5
23/04/2015,17:32:30,45,609,4090.015263,-2.900000095,56
23/04/2015,17:32:46,44.8,602,4172.828377,-2.599999905,54.29999924
23/04/2015,17:32:55,44.7,599,4211.198258,-2.799999952,54
23/04/2015,17:33:11,44.6,593,4287.896375,-2.900000095,53.59999847
23/04/2015,17:33:16,44.5,591,4317.978826,-3.799999952,52.59999847
23/04/2015,17:33:33,44.4,584,4403.868969,-4.900000095,51.79999924
23/04/2015,17:33:41,44.3,581,4451.027772,-4.900000095,51.90000153
23/04/2015,17:34:05,44,571,4576.45765,-5.099999905,52
23/04/2015,17:34:10,43.9,569,4609.60726,-5.900000095,45.70000076
23/04/2015,17:34:29,43.7,562,4700.240479,-5.900000095,45.29999924
23/04/2015,17:34:35,43.7,559,4731.27652,-5.199999809,42.29999924
23/04/2015,17:34:51,43.5,553,4819.167121,-5.099999905,41.29999924
23/04/2015,17:35:10,43.3,546,4907.623226,-6.699999809,38.5
23/04/2015,17:35:26,43.1,541,4977.701946,-6.699999809,37.40000153
23/04/2015,17:35:32,43.1,540,5000.117789,-7,36.70000076
23/04/2015,17:35:48,43,534,5075.930857,-7.199999809,35.20000076
23/04/2015,17:35:56,42.9,531,5117.930138,-7.199999809,34.90000153
23/04/2015,17:36:20,42.7,523,5237.268105,-8,34.40000153
23/04/2015,17:36:26,42.6,521,5266.027096,-10.39999962,35
23/04/2015,17:36:42,42.5,515,5345.078791,-11.30000019,37.09999847
23/04/2015,17:36:53,42.4,512,5398.595314,-11.5,37.09999847
23/04/2015,17:37:09,42.2,506,5470.635592,-11.89999962,37.29999924
23/04/2015,17:37:14,42.2,505,5491.657344,-12.39999962,36.5
23/04/2015,17:37:31,42.1,501,5553.690311,-12.60000038,36.20000076
23/04/2015,17:37:36,42,500,5574.90459,-12.19999981,36.20000076
23/04/2015,17:37:52,41.9,495,5646.423953,-12.89999962,36.20000076
23/04/2015,17:37:58,41.9,493,5671.581734,-13,36.79999924
23/04/2015,17:38:36,41.6,483,5818.10042,-13.30000019,37.20000076
23/04/2015,17:38:41,41.5,482,5838.72749,-13.30000019,41.29999924
23/04/2015,17:38:58,41.4,477,5908.081221,-13.10000038,41.79999924
23/04/2015,17:39:03,41.4,476,5931.982745,-14.10000038,42.70000076
23/04/2015,17:39:20,41.3,471,6004.997608,-14.30000019,43.20000076
23/04/2015,17:39:25,41.2,469,6034.121754,-15.69999981,44.29999924
23/04/2015,17:39:43,41.1,464,6115.329012,-15.60000038,44.79999924
23/04/2015,17:39:49,41,463,6133.666922,-15.89999962,45.59999847
23/04/2015,17:40:05,40.9,459,6189.222289,-16,45.79999924
23/04/2015,17:40:11,40.9,458,6214.200384,-17.29999924,45.40000153
23/04/2015,17:40:47,40.6,450,6343.037756,-17.5,45.40000153
23/04/2015,17:40:52,40.6,448,6365.551096,-16.29999924,46.90000153
23/04/2015,17:41:09,40.5,443,6443.174032,-16.29999924,47
23/04/2015,17:41:15,40.4,442,6466.267725,-17.5,46.90000153
23/04/2015,17:41:33,40.3,437,6543.299352,-17.60000038,46.79999924
23/04/2015,17:41:53,40.1,433,6616.200857,-18.39999962,46.5
23/04/2015,17:42:09,40,429,6676.690847,-18.89999962,45.90000153
23/04/2015,17:42:15,40,428,6698.060665,-18.70000076,45.70000076
23/04/2015,17:42:31,39.9,424,6760.293171,-19,44.79999924
23/04/2015,17:42:42,39.8,422,6797.235688,-18.79999924,44.79999924
23/04/2015,17:43:06,39.7,417,6886.602721,-20.10000038,42.90000153
23/04/2015,17:43:17,39.6,414,6929.5693,-20.5,42.59999847
23/04/2015,17:43:35,39.5,410,6996.922635,-19.89999962,42.59999847
23/04/2015,17:43:40,39.4,409,7018.911215,-20.60000038,40.40000153
23/04/2015,17:43:57,39.3,405,7080.844134,-19.60000038,40.20000076
23/04/2015,17:44:04,39.3,404,7112.150838,-20.79999924,38.09999847
23/04/2015,17:44:20,39.2,400,7170.515295,-23.10000038,36.20000076
23/04/2015,17:44:28,39.1,399,7195.951746,-22.5,36.40000153
23/04/2015,17:44:44,39,396,7249.895682,-23.60000038,34.90000153
23/04/2015,17:44:52,38.9,395,7275.386538,-23.70000076,34.90000153
23/04/2015,17:45:30,38.7,388,7400.893728,-23.79999924,33.5
23/04/2015,17:45:39,38.7,386,7426.65019,-23.5,33.5
23/04/2015,17:45:55,38.6,383,7484.792065,-24.79999924,32.20000076
23/04/2015,17:46:03,38.5,381,7513.000853,-24.79999924,31.89999962
23/04/2015,17:46:22,38.4,377,7586.518126,-25.29999924,31.60000038
23/04/2015,17:46:28,38.4,376,7610.977997,-24.89999962,31
23/04/2015,17:46:44,38.3,373,7676.171467,-25,34.5
23/04/2015,17:46:52,38.3,371,7708.578735,-25.5,38.79999924
23/04/2015,17:47:08,38.2,367,7782.275758,-25.20000076,42.90000153
23/04/2015,17:47:14,38.2,366,7803.692638,-26.39999962,60.59999847
23/04/2015,17:47:40,38.1,360,7914.085126,-25.79999924,76.59999847
23/04/2015,17:47:48,38,358,7945.475516,-26.10000038,79
23/04/2015,17:48:04,37.9,355,8011.520168,-26.70000076,84
23/04/2015,17:48:10,37.9,354,8030.790488,-27.20000076,95.19999695
23/04/2015,17:48:26,37.8,350,8101.823262,-27.10000038,96.5
23/04/2015,17:48:46,37.7,347,8174.642678,-27.39999962,99.90000153
23/04/2015,17:49:03,37.6,344,8231.115983,-29.20000076,99.90000153
23/04/2015,17:49:09,37.6,342,8257.692751,-29.89999962,99.90000153
23/04/2015,17:49:25,37.5,339,8326.821746,-30.60000038,99.90000153
23/04/2015,17:49:33,37.5,337,8359.57326,-31.10000038,99.90000153
23/04/2015,17:49:58,37.3,333,8457.571829,-31.29999924,99.90000153
23/04/2015,17:50:03,37.3,332,8480.143978,-32.09999847,99.90000153
23/04/2015,17:50:20,37.2,328,8545.326155,-32.09999847,99.90000153
23/04/2015,17:50:25,37.2,327,8566.474238,-32.09999847,99.90000153
23/04/2015,17:50:43,37.1,323,8651.393323,-32.70000076,99.90000153
23/04/2015,17:50:49,37.1,322,8687.329906,-33.79999924,99.90000153
23/04/2015,17:51:06,37,318,8767.745497,-33.90000153,99.90000153
23/04/2015,17:51:11,36.9,317,8787.757649,-34.59999847,99.90000153
23/04/2015,17:51:28,36.8,314,8855.171493,-34.40000153,99.90000153
23/04/2015,17:51:33,36.8,312,8880.35035,-36.79999924,99.90000153
23/04/2015,17:52:11,36.6,305,9053.705669,-35.90000153,99.90000153
23/04/2015,17:52:17,36.6,304,9075.300839,-36.59999847,99.90000153
23/04/2015,17:52:33,36.5,301,9142.650447,-36.20000076,99.90000153
23/04/2015,17:52:39,36.4,300,9165.371411,-37.40000153,99.90000153
23/04/2015,17:52:57,36.3,296,9251.924963,-37.40000153,99.90000153
23/04/2015,17:53:03,36.3,294,9279.697406,-39.20000076,99.90000153
23/04/2015,17:53:19,36.2,291,9358.099334,-39.09999847,99.90000153
23/04/2015,17:53:25,36.2,290,9387.83708,-38.59999847,99.90000153
23/04/2015,17:53:41,36.1,286,9479.32431,-38.59999847,99.90000153
23/04/2015,17:53:47,36,284,9508.575366,-40,99.90000153
23/04/2015,17:54:12,35.9,278,9656.421575,-40,99.90000153
23/04/2015,17:54:18,35.9,277,9695.828059,-40,99.90000153
23/04/2015,17:54:34,35.8,273,9789.889697,-40,99.90000153
23/04/2015,17:54:40,35.7,271,9818.104487,-40,99.90000153
23/04/2015,17:54:56,35.6,268,9902.122337,-40,99.90000153
23/04/2015,17:55:15,35.5,265,9986.281792,-40,99.90000153
23/04/2015,17:55:31,35.4,262,10047.43441,-40,99.90000153
23/04/2015,17:55:39,35.3,261,10078.31034,-40,99.90000153
23/04/2015,17:55:55,35.2,258,10142.68289,-40,99.90000153
23/04/2015,17:56:01,35.2,257,10169.889,-40,99.90000153
23/04/2015,17:56:25,35,253,10272.99718,-40,99.90000153
23/04/2015,17:56:31,35,252,10295.0092,-40,99.90000153
23/04/2015,17:56:47,34.9,249,10374.08509,-40,99.90000153
23/04/2015,17:56:55,34.9,248,10403.90915,-40,99.90000153
23/04/2015,17:57:14,34.7,245,10482.50289,-40,99.90000153
23/04/2015,17:57:22,34.7,244,10519.06066,-40,99.90000153
23/04/2015,17:57:38,34.6,241,10589.49266,-40,99.90000153
23/04/2015,17:57:49,34.5,239,10637.24314,-40,99.90000153
23/04/2015,17:58:08,34.4,236,10718.73445,-40,99.90000153
23/04/2015,17:58:13,34.4,235,10754.50009,-40,99.80000305
23/04/2015,17:58:58,34.1,228,10946.3718,-40,99.90000153
23/04/2015,17:59:04,34,227,10967.26986,-40,99.90000153
23/04/2015,17:59:24,33.9,224,11058.4778,-40,99.90000153
23/04/2015,17:59:30,33.9,223,11081.94233,-40,99.90000153
23/04/2015,17:59:46,33.8,221,11148.47739,-40,99.90000153
23/04/2015,17:59:51,33.8,220,11167.91924,-40,99.90000153
23/04/2015,18:00:07,33.7,218,11232.0197,-40,99.90000153
23/04/2015,18:00:15,33.6,216,11269.92283,-40,99.90000153
23/04/2015,18:00:32,33.5,214,11346.28855,-40,99.90000153
23/04/2015,18:00:37,33.5,213,11373.28337,-40,99.90000153
23/04/2015,18:01:01,33.3,210,11464.94352,-40,99.69999695
23/04/2015,18:01:07,33.3,209,11485.49404,-40,99.90000153
23/04/2015,18:01:25,33.2,207,11542.9678,-40,99.90000153
23/04/2015,18:01:30,33.2,206,11564.63142,-40,99.90000153
23/04/2015,18:01:49,33.1,204,11638.80804,-40,99.90000153
23/04/2015,18:02:08,32.9,201,11715.55126,-40,99.90000153
23/04/2015,18:02:30,32.8,199,11794.9333,-40,99.90000153
23/04/2015,18:02:41,32.8,198,11836.96441,-40,99.90000153
23/04/2015,18:03:00,32.7,195,11906.27432,-40,99.90000153
23/04/2015,18:03:05,32.6,194,11933.10066,-40,99.90000153
23/04/2015,18:03:29,32.5,192,12026.30436,-40,99.90000153
23/04/2015,18:03:35,32.5,191,12043.60731,-40,99.90000153
23/04/2015,18:03:55,32.4,189,12118.39837,-40,99.90000153
23/04/2015,18:04:00,32.4,188,12138.51131,-40,99.90000153
23/04/2015,18:04:16,32.3,186,12204.08645,-40,99.90000153
23/04/2015,18:04:22,32.3,185,12230.01642,-40,99.90000153
23/04/2015,18:04:46,32.1,183,12320.64816,-40,99.90000153
23/04/2015,18:05:01,32.1,181,12387.16304,-40,99.90000153
23/04/2015,18:05:19,32,179,12455.62763,-40,99.90000153
23/04/2015,18:05:27,31.9,178,12487.88383,-40,99.90000153
23/04/2015,18:06:04,31.8,173,12635.9992,-40,99.90000153
23/04/2015,18:06:10,31.7,173,12656.50566,-40,99.90000153
23/04/2015,18:06:27,31.7,171,12720.47237,-40,99.90000153
23/04/2015,18:06:33,31.7,170,12741.21343,-40,99.90000153
23/04/2015,18:06:49,31.6,169,12797.39916,-40,99.90000153
23/04/2015,18:06:55,31.6,168,12814.80043,-40,99.90000153
23/04/2015,18:07:11,31.5,166,12876.92534,-40,99.90000153
23/04/2015,18:07:16,31.5,166,12897.03108,-40,99.90000153
23/04/2015,18:07:38,31.4,164,12972.91904,-40,99.90000153
23/04/2015,18:07:46,31.4,163,12999.11861,-40,99.90000153
23/04/2015,18:08:17,31.2,160,13108.18902,-40,99.90000153
23/04/2015,18:08:23,31.2,160,13127.82422,-40,99.90000153
23/04/2015,18:08:39,31.1,158,13181.81349,-40,99.90000153
23/04/2015,18:08:47,31.1,157,13205.77044,-40,99.90000153
23/04/2015,18:09:03,31,156,13259.20686,-40,99.90000153
23/04/2015,18:09:28,31,154,13337.04752,-40,99.90000153
23/04/2015,18:09:52,30.9,152,13415.72901,-40,99.90000153
23/04/2015,18:09:57,30.8,151,13433.8888,-39.90000153,99.90000153
23/04/2015,18:10:13,30.8,150,13485.1351,-40,99.90000153
23/04/2015,18:10:24,30.8,149,13523.02561,-40,99.90000153
23/04/2015,18:10:48,30.7,147,13596.63686,-40,99.90000153
23/04/2015,18:10:54,30.6,147,13612.08388,-39.59999847,99.90000153
23/04/2015,18:11:12,30.6,145,13672.60522,-39.79999924,99.90000153
23/04/2015,18:11:25,30.6,144,13710.28883,-40,99.90000153
23/04/2015,18:11:44,30.5,143,13773.26649,-40,99.90000153
23/04/2015,18:11:49,30.5,142,13791.94271,-39.70000076,99.90000153
23/04/2015,18:12:05,30.4,141,13849.49416,-39.40000153,99.90000153
23/04/2015,18:12:11,30.4,141,13870.01399,-39.59999847,99.90000153
23/04/2015,18:12:27,30.3,139,13930.27088,-39.70000076,99.90000153
23/04/2015,18:12:35,30.3,138,13959.75851,-39.70000076,99.90000153
23/04/2015,18:13:17,30.2,135,14117.55959,-39.5,99.90000153
23/04/2015,18:13:22,30.2,134,14145.69864,-39,99.90000153
23/04/2015,18:13:38,30.1,133,14207.91422,-38.79999924,99.90000153
23/04/2015,18:13:44,30.1,132,14228.63071,-38.5,99.90000153
23/04/2015,18:14:00,30.1,131,14288.96685,-38.40000153,99.90000153
23/04/2015,18:14:21,30,129,14368.75597,-38.70000076,99.90000153
23/04/2015,18:14:42,29.9,127,14441.88196,-38.59999847,99.90000153
23/04/2015,18:14:48,29.9,127,14461.51141,-38.70000076,99.90000153
23/04/2015,18:15:04,29.9,125,14522.08312,-38.90000153,99.90000153
23/04/2015,18:15:10,29.9,125,14536.51793,-37.5,99.90000153
23/04/2015,18:15:34,29.8,123,14620.10102,-37.20000076,99.90000153
23/04/2015,18:15:47,29.8,122,14665.9496,-36.70000076,99.90000153
23/04/2015,18:16:06,29.7,121,14728.7916,-37.09999847,99.90000153
23/04/2015,18:16:11,29.7,121,14741.33536,-37.70000076,99.90000153
23/04/2015,18:16:28,29.7,119,14798.29856,-37.5,99.90000153
23/04/2015,18:16:47,29.6,118,14859.98902,-37.79999924,99.90000153
23/04/2015,18:17:03,29.6,117,14919.37071,-38.40000153,99.90000153
23/04/2015,18:17:11,29.6,116,14948.05608,-37.90000153,99.90000153
23/04/2015,18:17:30,29.5,115,15017.3913,-38.59999847,99.90000153
23/04/2015,18:17:38,29.5,114,15047.94618,-38.5,99.90000153
23/04/2015,18:18:02,29.4,112,15145.85532,-38.59999847,99.90000153
23/04/2015,18:18:08,29.4,112,15165.60583,-38.20000076,99.90000153
23/04/2015,18:18:31,29.4,110,15259.70521,-38.20000076,99.90000153
23/04/2015,18:18:37,29.4,109,15287.33367,-37.5,99.90000153
23/04/2015,18:18:56,29.3,108,15354.10205,-37.20000076,99.90000153
23/04/2015,18:19:09,29.3,107,15407.17235,-37,99.90000153
23/04/2015,18:19:25,29.2,106,15467.37595,-37.09999847,99.90000153
23/04/2015,18:19:41,29.2,105,15534.9016,-37,99.90000153
23/04/2015,18:20:05,29.1,103,15626.87902,-37.70000076,99.90000153
23/04/2015,18:20:13,29.1,102,15656.57845,-37.09999847,99.90000153
23/04/2015,18:20:53,29,99,15814.14397,-37.09999847,99.90000153
23/04/2015,18:20:58,29,99,15832.12423,-36.29999924,99.90000153
23/04/2015,18:21:20,29,97,15914.46703,-36.09999847,99.90000153
23/04/2015,18:21:28,29,97,15937.15175,-36.29999924,99.90000153
23/04/2015,18:21:44,28.9,96,15997.8378,-36.70000076,99.90000153
23/04/2015,18:21:55,28.9,95,16039.91772,-36.90000153,99.90000153
23/04/2015,18:22:11,28.9,94,16098.14504,-36.59999847,99.90000153
23/04/2015,18:22:17,28.9,94,16120.32628,-36.09999847,99.90000153
23/04/2015,18:22:33,28.8,93,16176.96819,-35.90000153,99.90000153
23/04/2015,18:22:39,28.8,92,16194.22854,-36,99.90000153
23/04/2015,18:23:05,28.8,91,16288.22171,-36.09999847,99.90000153
23/04/2015,18:23:11,28.8,90,16314.5704,-36,99.90000153
23/04/2015,18:23:27,28.7,90,16369.36092,-35.59999847,99.90000153
23/04/2015,18:23:33,28.7,89,16382.98198,-35.79999924,99.90000153
23/04/2015,18:23:54,28.7,88,16449.11871,-35.70000076,99.90000153
23/04/2015,18:24:14,28.7,87,16511.0917,-34.90000153,99.90000153
23/04/2015,18:24:33,28.6,86,16572.43713,-35,99.90000153
23/04/2015,18:24:39,28.6,86,16591.9942,-35.5,99.90000153
23/04/2015,18:24:55,28.6,85,16644.84653,-34.90000153,99.90000153
23/04/2015,18:25:03,28.6,84,16667.09881,-35,99.90000153
23/04/2015,18:25:32,28.5,83,16762.53081,-35,99.90000153
23/04/2015,18:25:40,28.5,83,16787.71368,-35,99.90000153
23/04/2015,18:25:57,28.5,82,16841.55491,-34.90000153,99.90000153
23/04/2015,18:26:02,28.4,81,16860.02737,-34.70000076,99.90000153
23/04/2015,18:26:18,28.4,80,16927.35632,-34.70000076,99.90000153
23/04/2015,18:26:25,28.4,80,16948.01627,-34.70000076,99.90000153
23/04/2015,18:26:41,28.4,79,17023.46992,-34.70000076,99.90000153
23/04/2015,18:26:49,28.4,78,17062.19011,-34.90000153,99.90000153
23/04/2015,18:27:05,28.3,77,17129.68713,-35,99.90000153
23/04/2015,18:27:11,28.3,77,17154.34847,-35.20000076,99.90000153
23/04/2015,18:27:56,28.3,74,17325.58439,-35.09999847,99.90000153
23/04/2015,18:28:02,28.3,74,17347.57494,-34.70000076,99.90000153
23/04/2015,18:28:20,28.2,73,17412.61697,-34.20000076,99.90000153
23/04/2015,18:28:28,28.2,73,17440.49845,-34.09999847,99.90000153
23/04/2015,18:28:45,28.2,72,17492.40583,-33.70000076,99.90000153
23/04/2015,18:28:53,28.2,72,17519.22785,-33.90000153,99.69999695
23/04/2015,18:29:09,28.2,71,17568.22487,-33.40000153,99.90000153
23/04/2015,18:29:17,28.1,71,17589.64752,-33.59999847,99.90000153
23/04/2015,18:29:38,28.1,70,17661.58871,-33.59999847,99.90000153
23/04/2015,18:29:47,28.1,69,17693.50619,-33.5,99.90000153
23/04/2015,18:30:11,28.1,68,17777.70409,-33.70000076,99.90000153
23/04/2015,18:30:16,28.1,68,17792.46377,-33,99.90000153
23/04/2015,18:30:33,28,67,17857.82482,-32.90000153,99.90000153
23/04/2015,18:30:38,28,67,17873.52429,-32.70000076,99.90000153
23/04/2015,18:30:55,28,66,17932.942,-32.29999924,99.90000153
23/04/2015,18:31:19,28,65,18042.73475,-32.29999924,99.90000153
23/04/2015,18:31:35,27.9,64,18106.91542,-32.40000153,99.90000153
23/04/2015,18:31:41,27.9,63,18129.49839,-32.5,99.90000153
23/04/2015,18:31:57,27.9,62,18194.59421,-32.70000076,99.90000153
23/04/2015,18:32:02,27.9,62,18223.83653,-32,99.90000153
23/04/2015,18:32:29,27.9,61,18326.08894,-31.5,99.90000153
23/04/2015,18:32:40,27.9,60,18379.48855,-31.29999924,99.90000153
23/04/2015,18:32:56,27.8,60,18434.99976,-31.60000038,99.90000153
23/04/2015,18:33:02,27.8,59,18457.18212,-30.79999924,99.90000153
23/04/2015,18:33:18,27.8,59,18525.05143,-31.39999962,99.90000153
23/04/2015,18:33:26,27.8,58,18555.08921,-31.29999924,99.90000153
23/04/2015,18:33:43,27.8,57,18617.30546,-31.29999924,99.90000153
23/04/2015,18:33:49,27.8,57,18635.92631,-31.20000076,99.90000153
23/04/2015,18:34:05,27.7,56,18701.5555,-31.20000076,99.90000153
23/04/2015,18:34:11,27.7,56,18715.28287,-31.20000076,99.90000153
23/04/2015,18:34:49,27.7,55,18849.037,-31.29999924,99.90000153
23/04/2015,18:34:54,27.7,54,18875.44379,-31.5,99.90000153
23/04/2015,18:35:11,27.7,54,18934.8434,-31.5,99.90000153
23/04/2015,18:35:19,27.7,53,18969.69338,-31.29999924,99.90000153
23/04/2015,18:35:35,27.7,53,19024.61435,-30.79999924,99.90000153
23/04/2015,18:35:43,27.6,52,19061.81545,-31,99.90000153
23/04/2015,18:35:59,27.6,52,19123.11373,-30.89999962,99.90000153
23/04/2015,18:36:05,27.6,51,19140.61282,-30.79999924,99.90000153
23/04/2015,18:36:21,27.6,51,19202.73647,-30.39999962,99.90000153
23/04/2015,18:36:32,27.6,50,19239.20112,-30.20000076,99.90000153
23/04/2015,18:36:56,27.6,50,19322.31878,-30.5,99.90000153
23/04/2015,18:37:02,27.6,49,19338.51184,-30.5,99.90000153
23/04/2015,18:37:21,27.5,49,19392.1718,-30,99.90000153
23/04/2015,18:37:31,27.5,48,19431.77237,-29.79999924,99.90000153
23/04/2015,18:37:48,27.5,48,19494.12877,-29.60000038,99.90000153
23/04/2015,18:38:09,27.5,47,19569.05287,-29.60000038,99.90000153
23/04/2015,18:38:25,27.5,46,19626.88775,-29.60000038,99.90000153
23/04/2015,18:38:31,27.5,46,19641.93923,-29.5,99.90000153
23/04/2015,18:38:48,27.5,46,19697.46465,-29.5,99.90000153
23/04/2015,18:38:56,27.5,45,19727.97714,-29.60000038,99.90000153
23/04/2015,18:39:20,27.4,45,19804.97078,-29.79999924,99.90000153
23/04/2015,18:39:26,27.4,44,19824.64009,-29.20000076,99.90000153
23/04/2015,18:39:42,27.4,44,19881.95936,-29.10000038,99.90000153
23/04/2015,18:39:48,27.4,44,19903.99656,-29,99.90000153
23/04/2015,18:40:04,27.4,43,19946.20772,-29.39999962,99.90000153
23/04/2015,18:40:10,27.4,43,19969.55704,-28.89999962,99.90000153
23/04/2015,18:40:26,27.4,43,20027.27618,-28.89999962,99.90000153
23/04/2015,18:40:34,27.4,42,20055.27621,-28.89999962,99.90000153
23/04/2015,18:40:50,27.4,42,20099.71127,-29,99.90000153
23/04/2015,18:40:56,27.4,42,20120.42125,-28.20000076,99.90000153
23/04/2015,18:41:34,27.4,40,20252.99473,-28.20000076,99.90000153
23/04/2015,18:41:42,27.3,40,20287.75305,-28.10000038,99.90000153
23/04/2015,18:42:01,27.4,40,20357.9181,-28.10000038,99.90000153
23/04/2015,18:42:14,27.3,39,20402.50596,-28.20000076,99.90000153
23/04/2015,18:42:30,27.3,39,20464.83266,-28,99.90000153
23/04/2015,18:42:36,27.3,38,20481.10505,-28.10000038,99.90000153
23/04/2015,18:42:52,27.3,38,20546.67152,-28,99.90000153
23/04/2015,18:42:57,27.3,38,20557.28104,-27.79999924,99.90000153
23/04/2015,18:43:14,27.3,37,20609.44197,-27.10000038,99.90000153
23/04/2015,18:43:22,27.3,37,20642.89114,-27.29999924,99.90000153
23/04/2015,18:43:46,27.3,36,20726.18826,-27.10000038,99.90000153
23/04/2015,18:43:52,27.3,36,20739.58375,-27.20000076,99.90000153
23/04/2015,18:44:08,27.3,36,20797.18665,-26.60000038,99.90000153
23/04/2015,18:44:14,27.3,36,20826.83384,-26.10000038,99.90000153
23/04/2015,18:44:32,27.3,35,20889.11488,-25.89999962,99.90000153
23/04/2015,18:44:52,27.3,35,20953.37532,-26,99.90000153
23/04/2015,18:45:10,27.3,34,21018.39627,-26.29999924,99.90000153
23/04/2015,18:45:21,27.3,34,21038.95495,-26.10000038,99.90000153
23/04/2015,18:45:37,27.3,33,21110.22061,-26.10000038,99.90000153
23/04/2015,18:45:43,27.3,33,21120.66442,-26.10000038,99.90000153
23/04/2015,18:46:11,27.3,33,21222.22333,-25.89999962,99.90000153
23/04/2015,18:46:16,27.3,32,21246.24046,-25.70000076,99.90000153
23/04/2015,18:46:38,27.3,32,21317.58177,-25.29999924,99.90000153
23/04/2015,18:46:46,27.3,32,21342.02641,-25.29999924,99.90000153
23/04/2015,18:47:02,27.3,31,21392.62389,-25.10000038,99.90000153
23/04/2015,18:47:08,27.3,31,21413.27238,-25.5,99.90000153
23/04/2015,18:47:24,27.3,31,21477.09288,-25.29999924,99.90000153
23/04/2015,18:47:29,27.2,31,21482.67847,-25,99.90000153
23/04/2015,18:47:46,27.3,30,21541.68087,-24.79999924,99.90000153
23/04/2015,18:47:54,27.3,30,21571.42751,-25,99.90000153
23/04/2015,18:48:32,27.3,29,21702.27919,-24.79999924,99.90000153
23/04/2015,18:48:37,27.3,29,21711.02076,-24.60000038,99.90000153
23/04/2015,18:48:54,27.3,29,21772.61792,-24.39999962,99.90000153
23/04/2015,18:48:59,27.3,29,21778.52178,-24.39999962,99.90000153
23/04/2015,18:49:16,27.3,28,21837.92525,-24.29999924,99.90000153
23/04/2015,18:49:21,27.3,28,21866.37736,-23.89999962,99.90000153
23/04/2015,18:49:38,27.3,28,21916.16168,-17.79999924,99.90000153
23/04/2015,18:49:46,27.3,27,21940.46989,-24,99.90000153
23/04/2015,18:50:02,27.3,27,21995.57762,-23.89999962,99.90000153
23/04/2015,18:50:08,27.3,27,22023.34987,-24.10000038,99.90000153
23/04/2015,18:50:32,27.3,26,22110.70633,-24.10000038,99.90000153
23/04/2015,18:50:39,27.3,26,22118.57746,-23.89999962,99.90000153
23/04/2015,18:50:55,27.3,26,22167.64533,-23.89999962,99.90000153
23/04/2015,18:51:09,27.3,26,22207.55562,-24,99.90000153
23/04/2015,18:51:25,27.3,25,22257.47374,-23.89999962,99.90000153
23/04/2015,18:51:44,27.3,25,22327.52025,-23.29999924,99.90000153
23/04/2015,18:52:03,27.3,25,22388.56164,-23.20000076,99.90000153
23/04/2015,18:52:11,27.3,25,22396.86613,-23.39999962,99.90000153
23/04/2015,18:52:27,27.4,24,22472.21541,-23.10000038,99.90000153
23/04/2015,18:52:33,27.4,24,22489.11072,-23.10000038,99.90000153
23/04/2015,18:53:05,27.4,24,22589.94258,-23.10000038,99.90000153
23/04/2015,18:53:10,27.4,23,22605.49991,-22.10000038,99.90000153
23/04/2015,18:53:37,27.4,23,22696.32799,-22.29999924,99.90000153
23/04/2015,18:53:42,27.4,23,22710.44651,-22.60000038,99.90000153
23/04/2015,18:53:59,27.4,22,22770.89208,-22.29999924,99.90000153
23/04/2015,18:54:07,27.4,22,22781.63414,-22.10000038,99.90000153
23/04/2015,18:54:23,27.4,22,22850.20199,-22.29999924,99.90000153
23/04/2015,18:54:29,27.4,22,22872.04977,-22.20000076,99.90000153
23/04/2015,18:54:48,27.4,22,22938.16723,-22.10000038,99.90000153
23/04/2015,18:54:53,27.4,21,22958.54432,-22.39999962,99.90000153
23/04/2015,18:55:36,27.5,21,23090.19383,-22.29999924,99.90000153
23/04/2015,18:55:42,27.5,21,23118.86114,-21.60000038,99.90000153
23/04/2015,18:55:58,27.5,20,23161.20705,-21.70000076,99.90000153
23/04/2015,18:56:03,27.5,20,23176.69533,-21.89999962,99.90000153
23/04/2015,18:56:20,27.5,20,23229.32761,-22.10000038,99.90000153
23/04/2015,18:56:28,27.5,20,23258.81086,-22.20000076,99.90000153
23/04/2015,18:56:44,27.5,20,23304.36228,-21.89999962,99.90000153
23/04/2015,18:56:50,27.5,19,23344.3164,-21.79999924,99.90000153
23/04/2015,18:57:07,27.6,19,23388.64304,-21.60000038,99.90000153
23/04/2015,18:57:20,27.6,19,23431.33051,-21.79999924,99.90000153
23/04/2015,18:57:44,27.6,19,23488.83059,-21.60000038,99.90000153
23/04/2015,18:57:50,27.6,19,23519.91402,-21.20000076,99.90000153
23/04/2015,18:58:06,27.6,18,23584.78633,-20.5,99.90000153
23/04/2015,18:58:17,27.6,18,23616.48859,-20.39999962,99.90000153
23/04/2015,18:58:38,27.7,18,23669.78899,-20.39999962,99.90000153
23/04/2015,18:58:57,27.7,18,23723.68098,-20.60000038,99.90000153
23/04/2015,18:59:13,27.7,17,23786.95647,-20.70000076,99.90000153
23/04/2015,18:59:19,27.7,17,23813.38381,-21,99.90000153
23/04/2015,18:59:36,27.7,17,23862.21348,-21.10000038,99.90000153
23/04/2015,18:59:41,27.7,17,23884.57363,-20.79999924,99.90000153
23/04/2015,19:00:06,27.8,17,23940.93376,-20,99.90000153
23/04/2015,19:00:16,27.8,16,23988.79391,-19.89999962,99.90000153
23/04/2015,19:00:32,27.8,16,24030.2017,-20,99.90000153
23/04/2015,19:00:38,27.8,16,24067.31275,-20.20000076,99.90000153
23/04/2015,19:00:54,27.8,16,24081.30427,-19.79999924,99.90000153
23/04/2015,19:01:00,27.8,16,24102.36898,-19.79999924,99.90000153
23/04/2015,19:01:19,27.9,16,24144.7806,-20,99.90000153
23/04/2015,19:01:24,27.9,16,24159.00244,-19.79999924,99.90000153
23/04/2015,19:01:41,27.9,15,24218.72406,-19.60000038,99.90000153
23/04/2015,19:01:51,27.9,15,24228.34987,-19.70000076,99.90000153
23/04/2015,19:02:29,28,15,24375.14693,-19.29999924,99.90000153
23/04/2015,19:02:35,28,15,24370.17914,-18.60000038,99.90000153
23/04/2015,19:02:54,28,14,24440.21227,-18.70000076,99.90000153
23/04/2015,19:03:00,28,15,24437.69296,-18.39999962,99.90000153
23/04/2015,19:03:16,28,14,24501.08712,-18.10000038,99.90000153
23/04/2015,19:03:22,28,14,24521.5566,-17.89999962,99.90000153
23/04/2015,19:03:38,28.1,14,24578.31653,-18.20000076,99.90000153
23/04/2015,19:03:46,28.1,14,24580.91307,-17.60000038,99.90000153
23/04/2015,19:04:05,28.1,14,24625.27819,-17.70000076,99.90000153
23/04/2015,19:04:13,28.2,14,24641.03845,-17.60000038,99.90000153
23/04/2015,19:04:37,28.2,13,24723.3337,-17.5,99.90000153
23/04/2015,19:04:43,28.2,13,24717.97981,-17,99.90000153
23/04/2015,19:04:59,28.2,13,24758.28648,-17.10000038,99.90000153
23/04/2015,19:05:07,28.2,13,24798.94947,-17.10000038,99.90000153
23/04/2015,19:05:23,28.3,13,24828.99957,-17,99.90000153
23/04/2015,19:05:45,28.3,13,24889.6977,-16.89999962,99.90000153
23/04/2015,19:06:07,28.4,13,24959.66622,-16.79999924,99.90000153
23/04/2015,19:06:13,28.4,13,24993.63671,-16.39999962,99.90000153
23/04/2015,19:06:29,28.4,12,25030.72693,-16.20000076,99.90000153
23/04/2015,19:06:40,28.4,13,24945.58635,-16.20000076,99.90000153
23/04/2015,19:07:04,28.5,14,24450.30312,-15.5,99.90000153
23/04/2015,19:07:15,28.5,16,24211.51754,-15.69999981,99.90000153
23/04/2015,19:07:31,28.5,17,23911.54389,-16.20000076,99.90000153
23/04/2015,19:07:36,28.5,17,23775.98764,-16.70000076,99.90000153
23/04/2015,19:07:53,28.6,19,23447.69045,-16.70000076,99.90000153
23/04/2015,19:07:58,28.6,19,23344.3164,-18.20000076,99.90000153
23/04/2015,19:08:15,28.7,21,22990.19973,-19.10000038,99.90000153
23/04/2015,19:08:21,28.6,22,22881.18102,-22.10000038,99.90000153
23/04/2015,19:08:37,28.7,24,22569.27288,-23.39999962,99.90000153
23/04/2015,19:08:43,28.7,24,22450.33426,-25.70000076,99.90000153
23/04/2015,19:09:20,28.8,29,21725.62207,-30.60000038,99.90000153
23/04/2015,19:09:29,28.8,30,21577.11234,-30.60000038,99.90000153
23/04/2015,19:09:46,28.8,32,21267.67865,-32,99.90000153
23/04/2015,19:09:51,28.9,33,21162.64087,-33.59999847,99.90000153
23/04/2015,19:10:07,28.9,35,20861.62455,-33.70000076,99.90000153
23/04/2015,19:10:13,28.9,36,20766.47223,-34.70000076,99.90000153
23/04/2015,19:10:29,28.9,39,20470.63881,-35.5,99.90000153
23/04/2015,19:10:35,28.9,39,20375.02551,-37.59999847,99.90000153
23/04/2015,19:10:54,29,42,20048.80246,-37.40000153,99.90000153
23/04/2015,19:10:59,29,43,19964.24201,-37.79999924,99.90000153
23/04/2015,19:11:23,29,47,19560.12982,-39.5,99.90000153
23/04/2015,19:11:34,29,49,19378.71072,-39.5,99.90000153
23/04/2015,19:11:50,29.1,52,19111.17038,-39.90000153,99.90000153
23/04/2015,19:11:56,29.1,53,19035.4784,-40,99.90000153
23/04/2015,19:12:14,29.1,56,18729.04161,-40,99.90000153
23/04/2015,19:12:36,29.1,60,18389.24797,-40,99.90000153
23/04/2015,19:12:52,29.1,63,18155.29742,-40,99.90000153
23/04/2015,19:12:58,29.1,64,18056.59689,-40,99.90000153
23/04/2015,19:13:15,29.2,67,17819.86162,-40,99.90000153
23/04/2015,19:13:23,29.2,69,17705.153,-40,99.90000153
23/04/2015,19:13:47,29.2,74,17344.13389,-40,99.90000153
23/04/2015,19:13:55,29.2,76,17224.18149,-40,99.90000153
23/04/2015,19:14:16,29.2,80,16926.06727,-40,99.90000153
23/04/2015,19:14:22,29.2,82,16843.46341,-40,99.90000153
23/04/2015,19:14:38,29.2,85,16624.51523,-40,99.90000153
23/04/2015,19:14:46,29.2,87,16508.0697,-40,99.90000153
23/04/2015,19:15:03,29.2,91,16285.30057,-40,99.90000153
23/04/2015,19:15:11,29.2,93,16179.84179,-40,99.90000153
23/04/2015,19:15:27,29.2,97,15962.69503,-40,99.90000153
23/04/2015,19:15:35,29.2,99,15852.88874,-40,99.90000153
23/04/2015,19:16:16,29.1,108,15336.3345,-40,99.90000153
23/04/2015,19:16:21,29.2,110,15263.21536,-40,99.90000153
23/04/2015,19:16:38,29.1,114,15065.95454,-40,99.90000153
23/04/2015,19:16:43,29.1,115,14996.61393,-40,99.90000153
23/04/2015,19:17:05,29.1,121,14740.40542,-40,99.90000153
23/04/2015,19:17:10,29.1,122,14672.39251,-40,99.90000153
23/04/2015,19:17:29,29.1,127,14448.56766,-40,99.90000153
23/04/2015,19:17:35,29.1,128,14390.39293,-40,99.90000153
23/04/2015,19:17:52,29,133,14195.85754,-40,99.90000153
23/04/2015,19:17:57,29,134,14131.61517,-40,99.90000153
23/04/2015,19:18:21,29,141,13848.67459,-40,99.90000153
23/04/2015,19:18:27,29,143,13782.59853,-40,99.90000153
23/04/2015,19:18:43,28.9,147,13591.09983,-40,99.90000153
23/04/2015,19:18:51,28.9,150,13496.83266,-40,99.90000153
23/04/2015,19:19:11,28.9,156,13262.22902,-40,99.90000153
23/04/2015,19:19:30,28.8,162,13037.86066,-40,99.90000153
23/04/2015,19:19:46,28.8,167,12842.94194,-40,99.90000153
23/04/2015,19:20:00,28.7,172,12693.49033,-40,99.90000153
23/04/2015,19:20:21,28.7,178,12457.66076,-40,99.90000153
23/04/2015,19:20:27,28.7,180,12394.55273,-40,99.90000153
23/04/2015,19:20:53,28.6,189,12122.61117,-40,99.90000153
23/04/2015,19:20:59,28.6,190,12066.4177,-40,99.90000153
23/04/2015,19:21:18,28.5,197,11869.18889,-40,99.90000153
23/04/2015,19:21:26,28.5,199,11782.21391,-40,99.90000153
23/04/2015,19:21:42,28.4,205,11608.44541,-40,99.90000153
23/04/2015,19:21:48,28.4,207,11550.78374,-40,99.90000153
23/04/2015,19:22:04,28.3,213,11380.6352,-40,99.90000153
23/04/2015,19:22:12,28.3,216,11293.45195,-40,99.90000153
23/04/2015,19:22:28,28.2,221,11125.09708,-40,99.90000153
23/04/2015,19:22:36,28.2,224,11042.68599,-40,99.90000153
23/04/2015,19:23:15,28,239,10642.59631,-40,99.90000153
23/04/2015,19:23:20,28,241,10586.8335,-40,99.90000153
23/04/2015,19:23:37,27.9,247,10419.77426,-40,99.90000153
23/04/2015,19:23:42,27.9,250,10363.47907,-40,99.90000153
23/04/2015,19:23:58,27.8,256,10208.5895,-40,99.90000153
23/04/2015,19:24:04,27.8,258,10155.77062,-40,99.90000153
23/04/2015,19:24:20,27.7,264,10007.76852,-40,99.90000153
23/04/2015,19:24:31,27.7,268,9908.226895,-40,99.90000153
23/04/2015,19:24:47,27.6,274,9756.256776,-40,99.90000153
23/04/2015,19:24:55,27.6,277,9684.176176,-40,99.90000153
23/04/2015,19:25:19,27.4,286,9468.902774,-40,99.90000153
23/04/2015,19:25:25,27.4,288,9417.452904,-40,99.90000153
23/04/2015,19:25:41,27.3,294,9282.185686,-40,99.90000153
23/04/2015,19:25:47,27.3,297,9231.437922,-40,99.90000153
23/04/2015,19:26:05,27.1,304,9070.889089,-40,99.90000153
23/04/2015,19:26:24,27,311,8906.03791,-40,99.90000153
23/04/2015,19:26:41,26.9,318,8764.13139,-40,99.90000153
23/04/2015,19:26:47,26.8,320,8716.655525,-40,99.90000153
23/04/2015,19:27:03,26.7,327,8582.266296,-40,99.90000153
23/04/2015,19:27:08,26.7,329,8535.185663,-40,99.90000153
23/04/2015,19:27:33,26.5,339,8336.714697,-40,99.90000153
23/04/2015,19:27:38,26.4,341,8292.387679,-39.90000153,99.90000153
23/04/2015,19:27:55,26.3,348,8154.451301,-39.5,99.90000153
23/04/2015,19:28:01,26.2,350,8112.244167,-38.40000153,99.90000153
23/04/2015,19:28:17,26.1,356,7988.220379,-38.09999847,99.90000153
23/04/2015,19:28:23,26,358,7947.405063,-36.59999847,99.90000153
23/04/2015,19:28:44,25.8,367,7788.714159,-36.29999924,99.90000153
23/04/2015,19:28:50,25.8,369,7748.835916,-35.29999924,99.90000153
23/04/2015,19:29:06,25.7,375,7630.670325,-35,99.90000153
23/04/2015,19:29:11,25.6,377,7590.404836,-33.59999847,99.90000153
23/04/2015,19:29:54,25.2,394,7283.780966,-31,99.90000153
23/04/2015,19:30:02,25.1,397,7225.54411,-30.5,99.90000153
23/04/2015,19:30:23,25,406,7067.93434,-30.39999962,99.90000153
23/04/2015,19:30:29,24.9,409,7024.807288,-29.20000076,99.90000153
23/04/2015,19:30:45,24.8,416,6908.830122,-29,99.90000153
23/04/2015,19:30:51,24.7,418,6867.668273,-27.89999962,99.90000153
23/04/2015,19:31:07,24.6,425,6743.979773,-27.70000076,99.90000153
23/04/2015,19:31:13,24.5,428,6702.574961,-26.5,99.90000153
23/04/2015,19:31:29,24.4,435,6579.180438,-26.20000076,99.90000153
23/04/2015,19:31:34,24.3,438,6536.895522,-25.20000076,99.90000153
23/04/2015,19:31:59,24.1,449,6357.182368,-24.89999962,99.90000153
23/04/2015,19:32:04,24.1,451,6315.455999,-23.20000076,31
23/04/2015,19:32:24,23.9,460,6169.825387,-23.10000038,31.60000038
23/04/2015,19:32:29,23.8,463,6128.177295,-22.10000038,34.5
23/04/2015,19:32:46,23.7,471,6009.329282,-22,35.20000076
23/04/2015,19:33:05,23.5,480,5870.975556,-20.89999962,35.59999847
23/04/2015,19:33:21,23.4,488,5751.685897,-18.89999962,36.79999924
23/04/2015,19:33:29,23.3,492,5692.176564,-18.89999962,36.70000076
23/04/2015,19:33:46,23.2,499,5575.642085,-18.5,36.90000153
23/04/2015,19:33:53,23.1,503,5528.562325,-17.5,38.20000076
23/04/2015,19:34:17,22.9,514,5365.669425,-17.20000076,39
23/04/2015,19:34:23,22.9,516,5330.994404,-15.5,40.29999924
23/04/2015,19:34:43,22.7,526,5196.84478,-15.39999962,40.20000076
23/04/2015,19:34:48,22.6,528,5161.10848,-14.30000019,40.59999847
23/04/2015,19:35:05,22.5,536,5059.045121,-13.19999981,40.40000153
23/04/2015,19:35:13,22.5,539,5011.207422,-13.19999981,40.29999924
23/04/2015,19:35:29,22.3,546,4915.993738,-12.80000019,40.29999924
23/04/2015,19:35:35,22.3,548,4883.514533,-12.10000038,39.59999847
23/04/2015,19:35:51,22.2,555,4789.055561,-11.89999962,39.5
23/04/2015,19:35:57,22.1,558,4755.937194,-11.30000019,40.90000153
23/04/2015,19:36:35,21.9,574,4535.646584,-10,50.59999847
23/04/2015,19:36:45,21.8,579,4470.638441,-10,52.09999847
23/04/2015,19:37:01,21.7,586,4378.304455,-9.899999619,55.09999847
23/04/2015,19:37:07,21.7,589,4343.766816,-9.300000191,63.70000076
23/04/2015,19:37:23,21.6,596,4253.177038,-9.199999809,66.40000153
23/04/2015,19:37:29,21.6,598,4219.859407,-8.5,73.90000153
23/04/2015,19:37:45,21.5,606,4129.690124,-8.399999619,76.59999847
23/04/2015,19:37:51,21.5,608,4097.056413,-7.800000191,83.80000305
23/04/2015,19:38:07,21.4,616,4004.183661,-7.800000191,85.59999847
23/04/2015,19:38:13,21.3,618,3973.717012,-7.5,88.5
23/04/2015,19:38:37,21.2,629,3842.772435,-6.400000095,88.5
23/04/2015,19:38:45,21.2,633,3796.474921,-6.300000191,88.5
23/04/2015,19:39:02,21.1,640,3702.377027,-5.5,86.30000305
23/04/2015,19:39:10,21,644,3652.7923,-5.300000191,86
23/04/2015,19:39:26,21,652,3559.497735,-4.199999809,82.09999847
23/04/2015,19:39:50,20.9,664,3414.267235,-4.099999905,82.40000153
23/04/2015,19:40:07,20.8,673,3312.470663,-3.299999952,82.80000305
23/04/2015,19:40:13,20.8,677,3274.08207,-2.599999905,82.80000305
23/04/2015,19:40:29,20.7,685,3180.487326,-2.299999952,83.80000305
23/04/2015,19:40:35,20.7,687,3148.995746,-1.700000048,84.40000153
23/04/2015,19:40:59,20.6,700,3006.2917,-1.5,84.40000153
23/04/2015,19:41:05,20.6,703,2971.108969,-0.5,85.40000153
23/04/2015,19:41:21,20.6,712,2868.641877,-0.300000012,85.69999695
23/04/2015,19:41:27,20.6,715,2839.578264,0.200000003,78.5
23/04/2015,19:41:43,20.6,723,2752.575246,0.400000006,74.90000153
23/04/2015,19:41:49,20.5,726,2718.730954,1.299999952,64.69999695
23/04/2015,19:42:10,20.5,737,2599.251088,1.299999952,64
23/04/2015,19:42:16,20.5,740,2567.64857,1.799999952,67.09999847
23/04/2015,19:42:33,20.5,749,2468.877067,2.900000095,66
23/04/2015,19:42:44,20.4,754,2419.279411,3.099999905,65.59999847
23/04/2015,19:43:24,20.4,771,2238.177038,3.200000048,65.40000153
23/04/2015,19:43:30,20.4,773,2214.437698,4.800000191,61.40000153
23/04/2015,19:43:49,20.3,781,2136.057493,4.900000095,61.29999924
23/04/2015,19:43:54,20.3,783,2113.688665,5.599999905,60.40000153
23/04/2015,19:44:16,20.4,792,2028.574784,5.599999905,60.40000153
23/04/2015,19:44:21,20.3,794,2008.677359,6.099999905,59.79999924
23/04/2015,19:44:38,20.3,800,1946.299603,6.699999809,58.09999847
